{"coupling": [0.0, 0.003535353535353535, 0.00707070707070707, 0.010606060606060605, 0.01414141414141414, 0.017676767676767676, 0.02121212121212121, 0.024747474747474747, 0.02828282828282828, 0.031818181818181815, 0.03535353535353535, 0.03888888888888889, 0.04242424242424242, 0.04595959595959596, 0.049494949494949494, 0.053030303030303025, 0.05656565656565656, 0.0601010101010101, 0.06363636363636363, 0.06717171717171717, 0.0707070707070707, 0.07424242424242423, 0.07777777777777778, 0.08131313131313131, 0.08484848484848484, 0.08838383838383838, 0.09191919191919191, 0.09545454545454544, 0.09898989898989899, 0.10252525252525252, 0.10606060606060605, 0.1095959595959596, 0.11313131313131312, 0.11666666666666665, 0.1202020202020202, 0.12373737373737373, 0.12727272727272726, 0.1308080808080808, 0.13434343434343435, 0.13787878787878788, 0.1414141414141414, 0.14494949494949494, 0.14848484848484847, 0.152020202020202, 0.15555555555555556, 0.1590909090909091, 0.16262626262626262, 0.16616161616161615, 0.16969696969696968, 0.1732323232323232, 0.17676767676767677, 0.1803030303030303, 0.18383838383838383, 0.18737373737373736, 0.1909090909090909, 0.19444444444444442, 0.19797979797979798, 0.2015151515151515, 0.20505050505050504, 0.20858585858585857, 0.2121212121212121, 0.21565656565656563, 0.2191919191919192, 0.22272727272727272, 0.22626262626262625, 0.22979797979797978, 0.2333333333333333, 0.23686868686868687, 0.2404040404040404, 0.24393939393939393, 0.24747474747474746, 0.251010101010101, 0.2545454545454545, 0.2580808080808081, 0.2616161616161616, 0.26515151515151514, 0.2686868686868687, 0.2722222222222222, 0.27575757575757576, 0.27929292929292926, 0.2828282828282828, 0.2863636363636363, 0.2898989898989899, 0.29343434343434344, 0.29696969696969694, 0.3005050505050505, 0.304040404040404, 0.30757575757575756, 0.3111111111111111, 0.3146464646464646, 0.3181818181818182, 0.3217171717171717, 0.32525252525252524, 0.32878787878787874, 0.3323232323232323, 0.33585858585858586, 0.33939393939393936, 0.3429292929292929, 0.3464646464646464, 0.35], "cluster1": [7.3378519295343905, 3.3384272660933725, 2.6751978553525197, 2.6088246262371646, 2.592530683072945, 2.5018082188119948, 2.5041118998704075, 2.424387771867341, 2.3414059359171704, 2.3589962693044915, 2.291411209569899, 2.299987961984783, 2.226859616675553, 2.1398597294761457, 2.098836276986688, 1.983327105604969, 2.0116511688176653, 2.010090397664249, 1.9854964562314203, 1.9136372345495676, 1.8360379168810252, 1.8263480279647932, 1.8480593176613176, 1.7773965114682586, 1.7041436840940754, 1.5003438713366621, 1.5079183317497618, 1.4736857198371773, 1.37031628094991, 1.269535624620628, 1.4934026988501965, 1.575342023482036, 1.5316658843989814, 1.50651696564645, 1.6136807904794341, 1.466687700264561, 1.598235258904405, 1.4828577491047534, 1.5470822437223029, 1.5490242682007267, 1.5133468376686037, 1.483522104855171, 1.4742604802816468, 1.534364811176343, 1.4211330557885211, 1.385737769320497, 1.3039172971917123, 1.5178874985019999, 1.5207674188533125, 1.4212808770393548, 1.4134944167822094, 1.3698346356098567, 1.4435191854253477, 1.4163634361846467, 1.386770802666309, 1.440953124831362, 1.224611742256994, 1.3220316565527135, 1.2686473954171897, 1.4112939835976384, 1.4076446358781125, 1.4360343507496416, 1.5114165713239662, 1.3469163083108415, 1.4873268916506928, 1.3988281119023185, 1.327406842660374, 1.531633515784065, 1.3866555891686665, 1.3679458958210855, 1.3550067364557812, 1.3380745496535744, 1.396388500197859, 1.2622720398041767, 1.3442164121899334, 1.362956922948657, 1.292146265261241, 1.2699125601177887, 1.1466340277122022, 1.2156692877197164, 1.2390169965975129, 1.217251462663645, 1.3394861542790035, 1.2460219250831228, 1.2164215853419424, 1.2906914991441545, 1.1972149609989093, 1.2492898279023297, 1.1681874337849196, 1.2714417650663317, 1.1931804708164346, 1.1718225621612741, 1.1262177241874805, 1.2348106234585412, 1.254157801951602, 1.3105315009096605, 1.1622483431374466, 1.244585157462049, 1.1779043462858454, 1.1640239817716946], "cluster2": [3.0861844346437706, 1.9348453618134913, 1.891103949842261, 1.6141130309056708, 1.4974827131777038, 1.500008869460582, 1.273581717458106, 1.1938971306622095, 1.1654484102567613, 1.193115866632089, 1.272907407135911, 1.2723811359990296, 1.1377409694059797, 1.0222872509743672, 0.9507408266641816, 0.9679585724271313, 0.9334962462469328, 0.8480829293781765, 0.6774036859075826, 0.518361931551469, 0.5789076946813327, 0.39422337765544363, 0.4135699334383569, 0.2609235491152375, 0.2860539232698872, 0.11589431777687367, 0.11868809128681687, 0.07000513828413041, 0.037268678635211265, 0.02930294062062739, 0.027160083589854497, 0.02487003461994286, 0.024430967541904776, 0.021482937647297487, 0.021316159425533426, 0.020890680364468475, 0.019497994319207863, 0.01914219864035254, 0.020558634805377087, 0.019343016114527063, 0.018929136960543904, 0.018635340745544147, 0.01808772630840857, 0.018685573451370147, 0.018175666939070797, 0.01770030037256384, 0.017292573519369785, 0.017393203111986135, 0.016963155601766217, 0.016752356037004392, 0.016503199326213098, 0.01664273443181308, 0.016057137162571407, 0.016037308403540347, 0.01600731817631815, 0.015747283004962774, 0.015522444487880515, 0.015353963571312778, 0.015322311553983699, 0.014987562605399291, 0.015054922739881408, 0.014752729102487571, 0.014676088384666304, 0.01462897572112623, 0.014544384274491149, 0.01428631998191758, 0.014117513379203772, 0.014073404593685673, 0.013977171016462682, 0.013932454770066903, 0.013602620150195841, 0.013508683781533942, 0.013446370616205903, 0.013231836283986862, 0.013047610169665156, 0.012967820931275556, 0.012892023543298716, 0.012721236607356199, 0.012609636155085622, 0.01250089115810918, 0.012438363642205361, 0.01224204906983465, 0.012216871229018366, 0.011986499067771356, 0.011906933693725308, 0.011832959229788704, 0.011724752903591509, 0.011592027101925192, 0.01147858228746498, 0.011372712113875584, 0.011326957540558827, 0.01122305986206684, 0.011037261672217339, 0.011020356436820405, 0.01090267897519786, 0.010731867088038687, 0.010657087653486556, 0.010535974584827202, 0.010511325913579306, 0.010392718093252469],