{"coupling": [0.0, 0.003535353535353535, 0.00707070707070707, 0.010606060606060605, 0.01414141414141414, 0.017676767676767676, 0.02121212121212121, 0.024747474747474747, 0.02828282828282828, 0.031818181818181815, 0.03535353535353535, 0.03888888888888889, 0.04242424242424242, 0.04595959595959596, 0.049494949494949494, 0.053030303030303025, 0.05656565656565656, 0.0601010101010101, 0.06363636363636363, 0.06717171717171717, 0.0707070707070707, 0.07424242424242423, 0.07777777777777778, 0.08131313131313131, 0.08484848484848484, 0.08838383838383838, 0.09191919191919191, 0.09545454545454544, 0.09898989898989899, 0.10252525252525252, 0.10606060606060605, 0.1095959595959596, 0.11313131313131312, 0.11666666666666665, 0.1202020202020202, 0.12373737373737373, 0.12727272727272726, 0.1308080808080808, 0.13434343434343435, 0.13787878787878788, 0.1414141414141414, 0.14494949494949494, 0.14848484848484847, 0.152020202020202, 0.15555555555555556, 0.1590909090909091, 0.16262626262626262, 0.16616161616161615, 0.16969696969696968, 0.1732323232323232, 0.17676767676767677, 0.1803030303030303, 0.18383838383838383, 0.18737373737373736, 0.1909090909090909, 0.19444444444444442, 0.19797979797979798, 0.2015151515151515, 0.20505050505050504, 0.20858585858585857, 0.2121212121212121, 0.21565656565656563, 0.2191919191919192, 0.22272727272727272, 0.22626262626262625, 0.22979797979797978, 0.2333333333333333, 0.23686868686868687, 0.2404040404040404, 0.24393939393939393, 0.24747474747474746, 0.251010101010101, 0.2545454545454545, 0.2580808080808081, 0.2616161616161616, 0.26515151515151514, 0.2686868686868687, 0.2722222222222222, 0.27575757575757576, 0.27929292929292926, 0.2828282828282828, 0.2863636363636363, 0.2898989898989899, 0.29343434343434344, 0.29696969696969694, 0.3005050505050505, 0.304040404040404, 0.30757575757575756, 0.3111111111111111, 0.3146464646464646, 0.3181818181818182, 0.3217171717171717, 0.32525252525252524, 0.32878787878787874, 0.3323232323232323, 0.33585858585858586, 0.33939393939393936, 0.3429292929292929, 0.3464646464646464, 0.35], "cluster1": [4.420437888738548, 2.9528797624025485, 2.6803640749451034, 2.5854240558086925, 2.5058070150853453, 2.5252953072980397, 2.4869359325232803, 2.3781732052903104, 2.317530852256388, 2.2886650003037414, 2.223856142881118, 2.1805262469842126, 2.157097936341475, 2.067591627424348, 2.055537566344459, 2.0197922809946185, 1.965868102328782, 1.942973404476696, 1.8943145930306398, 1.8856753703258882, 1.8465622205597954, 1.761442461380833, 1.7320671264982288, 1.726121090247072, 1.6886582813545186, 1.5758250841618573, 1.534058148879058, 1.5060063017425667, 1.4611969627644585, 1.500840855600368, 1.5061123058920638, 1.5475843727549181, 1.5956599850310493, 1.5095865984730814, 1.6076654621438586, 1.5764477728798738, 1.4937834232327407, 1.542189616000565, 1.538555723661947, 1.4821668861811537, 1.450549701009266, 1.479474977104538, 1.4192395400220565, 1.3901894233320455, 1.4351734350252383, 1.396851438470302, 1.3404237338949037, 1.3349490346872663, 1.3369160387100787, 1.3131366280131491, 1.4008286852555587, 1.3373969565248405, 1.383693547654212, 1.3309919808632025, 1.3719763389964774, 1.3495765240084974, 1.3702555844682804, 1.2767267783981453, 1.345514113068143, 1.3895288488624546, 1.357489439755878, 1.3630684535726518, 1.3823881678113092, 1.2678618910974224, 1.2702888895101443, 1.3033190095312484, 1.3632187378119685, 1.3647099887590914, 1.3301425172408632, 1.3051481991517777, 1.3753868800044542, 1.2234395646891798, 1.2279101314833913, 1.3596390482958058, 1.2838852772822984, 1.3178503094828518, 1.2819166835743634, 1.2653799131861074, 1.2413529536079995, 1.1577533753348859, 1.1688528848916906, 1.2304400855949442, 1.1700446535036908, 1.1557139692556713, 1.2054502114569485, 1.2059148139214833, 1.1781911233547795, 1.1704388563667103, 1.236614679969624, 1.1410576930542147, 1.1779160731634721, 1.138368475515525, 1.1352846576483744, 1.1486134021090388, 1.1513006666267782, 1.1763310524233725, 1.1330568384688677, 1.1985990289083712, 1.1950198411059243, 1.1594457406231942], "cluster2": [3.516732986611384, 1.9062251470018883, 1.8391390232339235, 1.8542943703933623, 1.6794552091148642, 1.5777468012619138, 1.5101161763245181, 1.3882091130335033, 1.281397166460393, 1.2731994262430004, 1.285355873709611, 1.2631470928062565, 1.2008310387435754, 1.24146347227135, 1.0568333856866297, 1.1483585015654818, 1.0390497406975658, 0.9152624083291918, 0.7998510224963162, 0.85990818868777, 0.7266621685807332, 0.5231594184957873, 0.492727069757117, 0.4111587927130129, 0.29724575651873, 0.1890163539316139, 0.1375330714164655, 0.092758980606196, 0.050027543792718725, 0.05464900219248618, 0.04538811017280157, 0.030599221692213345, 0.022629575668694283, 0.023967973592034064, 0.01888481024706223, 0.019186424353122067, 0.01666707000318992, 0.016159981265893873, 0.013929840783073348, 0.013262700500316077, 0.011153351264108319, 0.011196708205639144, 0.01076581815228329, 0.010949844931754885, 0.010035487507450952, 0.010281862181365828, 0.009928969937096795, 0.009566563327823317, 0.009847677331424467, 0.009195826320444283, 0.009424181314682586, 0.00867386265529768, 0.00890048552898633, 0.008662862084011097, 0.008512415488180386, 0.008390255470900464, 0.0076976066663811005, 0.007810841529285863, 0.007902871232661162, 0.007854441331958086, 0.007746739437367755, 0.007663786551441918, 0.00725903695904229, 0.007452585223920257, 0.007290178209029189, 0.0074542178196091565, 0.007382507353904015, 0.007057175814296336, 0.006792207047663795, 0.007026924619635365, 0.006895606469957681, 0.006991902397351716, 0.006850093332057377, 0.006770216031786244, 0.006771370962204098, 0.006732558807408174, 0.006615127993244084, 0.006601600773857926, 0.006597562141872031, 0.0066864193301794835, 0.0066376911848156925, 0.006481579997389852, 0.006473315299751039, 0.006481579706585063, 0.006477911152144658, 0.006467426857167453, 0.00639447410458033, 0.006403643514647215, 0.006319783454548982, 0.006341479658987022, 0.006271121525959686, 0.00628557663281227, 0.006186751535080832, 0.006224705131917081, 0.006279873306599847, 0.006137129272796315, 0.006208353290663349, 0.006161617663004845, 0.006195573009002179, 0.006140482936890857],