{"n": 108, "coupling": [0.0, 0.0037974683544303796, 0.007594936708860759, 0.01139240506329114, 0.015189873417721518, 0.0189873417721519, 0.02278481012658228, 0.026582278481012658, 0.030379746835443037, 0.03417721518987342, 0.0379746835443038, 0.04177215189873418, 0.04556962025316456, 0.049367088607594936, 0.053164556962025315, 0.056962025316455694, 0.060759493670886074, 0.06455696202531645, 0.06835443037974684, 0.07215189873417721, 0.0759493670886076, 0.07974683544303797, 0.08354430379746836, 0.08734177215189873, 0.09113924050632911, 0.09493670886075949, 0.09873417721518987, 0.10253164556962024, 0.10632911392405063, 0.110126582278481, 0.11392405063291139, 0.11772151898734176, 0.12151898734177215, 0.12531645569620253, 0.1291139240506329, 0.13291139240506328, 0.13670886075949368, 0.14050632911392405, 0.14430379746835442, 0.1481012658227848, 0.1518987341772152, 0.15569620253164557, 0.15949367088607594, 0.1632911392405063, 0.1670886075949367, 0.17088607594936708, 0.17468354430379746, 0.17848101265822783, 0.18227848101265823, 0.1860759493670886, 0.18987341772151897, 0.19367088607594937, 0.19746835443037974, 0.20126582278481012, 0.2050632911392405, 0.2088607594936709, 0.21265822784810126, 0.21645569620253163, 0.220253164556962, 0.2240506329113924, 0.22784810126582278, 0.23164556962025315, 0.23544303797468352, 0.23924050632911392, 0.2430379746835443, 0.24683544303797467, 0.25063291139240507, 0.2544303797468354, 0.2582278481012658, 0.2620253164556962, 0.26582278481012656, 0.26962025316455696, 0.27341772151898736, 0.2772151898734177, 0.2810126582278481, 0.28481012658227844, 0.28860759493670884, 0.29240506329113924, 0.2962025316455696, 0.3], "cluster1": [0.889430196385227, 0.5155538344855706, 0.4835583537802551, 0.46452331679461845, 0.4390362006880653, 0.43497642594831576, 0.42809597656907844, 0.44061554003260633, 0.45619872167601516, 0.457900211340994, 0.45807918068981973, 0.4334315357589589, 0.40964242959217256, 0.36879362406959837, 0.3528055743771222, 0.34106618718050524, 0.3371094596562133, 0.33509498061831255, 0.3284356275738481, 0.31218758060126384, 0.29839366163430975, 0.2814565492897524, 0.2637570794630309, 0.2447176360907062, 0.24187816406875606, 0.21830563655783425, 0.20699459736422823, 0.2008439781560415, 0.16967688537253095, 0.16271613234050794, 0.12894259270111835, 0.13419958561614748, 0.1513614243040785, 0.19690383794176128, 0.1950931567083536, 0.17672927605251035, 0.1738240324367759, 0.11231189162724403, 0.11590450898139633, 0.08662942348871562, 0.08663883612581133, 0.08711206587673746, 0.08999009614234384, 0.09851081338117199, 0.06699516109833532, 0.062356910809662505, 0.030504909263893706, 0.01597991953950305, 0.004023617816969644, 0.0014712629436751609, 1.7351660672412234e-08, 1.359535806141773e-06, 1.940767645303388e-13, 1.4973668452732358e-12, 1.5364541208889355e-14, 4.113835934681998e-16, 3.114714831640694e-16, 2.2468123862162364e-16, 1.67263476192881e-16, 1.5856060753279524e-16, 1.633107033880429e-16, 1.9091706715548296e-16, 1.5959605160723528e-16, 1.5934208872951305e-16, 1.7084123331662926e-16, 1.5862797689722982e-16, 1.610153383814613e-16, 1.5978003986662955e-16, 1.5787344666018012e-16, 1.5874436089363058e-16, 1.590360070895766e-16, 1.587076112911554e-16, 1.5904785272274825e-16, 1.5902168516784328e-16, 1.606689097941044e-16, 1.6037096484750981e-16, 1.5973505363653317e-16, 1.592561346488518e-16, 1.5847786115457734e-16, 1.5940310761743165e-16], "cluster2": [0.7150271194076323, 0.38666817715819507, 0.3636149281646121, 0.35606366528819944, 0.3783060706659233, 0.3589438157572796, 0.2800516161722798, 0.2611453236462424, 0.2834614302949399, 0.26498352839192146, 0.25423525956359266, 0.23080147818710012, 0.20712355685104059, 0.16482390047621467, 0.14015930844967636, 0.03288483654052988, 0.011954206171602963, 0.03529025159802842, 0.05416344157505048, 0.0844286994567544, 0.10279839041548386, 0.08268314048138348, 0.06251249888099152, 0.015404419383162877, 0.0039539917925918685, 0.001381657337860759, 3.9255808129549225e-06, 1.6534237463413475e-11, 3.719196615296188e-12, 1.3905594707909582e-15, 1.1870977729853308e-15, 1.025138003006693e-15, 7.757729207806885e-16, 8.012444514633701e-16, 6.909188963009754e-16, 6.824781747280246e-16, 6.896633649599154e-16, 5.736045093834332e-16, 5.008272144377656e-16, 5.822120999660333e-16, 5.075123349559461e-16, 4.884549485344751e-16, 5.099629365270441e-16, 4.625045514613172e-16, 4.281911352106265e-16, 4.2523976300012547e-16, 3.956886543302932e-16, 4.0620134003130366e-16, 3.849831745140887e-16, 3.8805141047774226e-16, 3.61335080309302e-16, 3.2689616342905194e-16, 3.1334619636440233e-16, 3.4852990463739933e-16, 3.0818524757925267e-16, 3.2010731993313766e-16, 3.080638611403998e-16, 2.845593311824572e-16, 2.640111892551082e-16, 2.783747975033378e-16, 2.811674920762279e-16, 2.8421013596937083e-16, 2.53154756102259e-16, 2.4119100759063627e-16, 2.499838753041183e-16, 2.667336691384805e-16, 2.475528358094757e-16, 2.38712135348757e-16, 2.2113062527243185e-16, 2.1668736531065678e-16, 2.232647522977698e-16, 2.1789592940121988e-16, 2.1805787674507537e-16, 2.1041003359508748e-16, 2.1458576474673571e-16, 2.0508963372301306e-16, 2.0986536548445377e-16, 1.8313313038784956e-16, 1.9232834052808754e-16, 1.7800216290193041e-16], "cluster3": [0.5515411258382628, 0.29215490697621777, 0.26809838385655904, 0.2537114793401203, 0.24344865103050864, 0.2158263507543354, 0.19500492194541783, 0.16250632259723619, 0.1337136978640067, 0.10502097799413493, 0.10967129511883604, 0.0941328247346648, 0.07708495101570324, 0.051679050966081275, 0.033923055776567845, 0.0029929425797932748, 1.4349920480685508e-06, 1.798961053018717e-10, 8.67455975478001e-15, 1.5226317412022167e-15, 1.4686065013188368e-15, 7.467077705487788e-16, 6.208823173812237e-16, 5.558880165596712e-16, 5.177318210557502e-16, 5.044008001704788e-16, 4.240596412118069e-16, 4.503415922798338e-16, 3.499071002072908e-16, 2.7984607634016337e-16, 3.344825665175965e-16, 3.0950874016445275e-16, 2.9361186962485543e-16, 2.612822138494088e-16, 2.244754778371812e-16, 2.154306203735277e-16, 2.0582277844061724e-16, 2.1889075738665216e-16, 2.0534761696633058e-16, 1.7195805417837695e-16, 1.8592879816351884e-16, 1.4868824626903963e-16, 1.8309785610106767e-16, 1.6890552710034414e-16, 1.5467954457916434e-16, 1.6256165754709933e-16, 1.5210559086351348e-16, 1.2614708852859147e-16, 1.4162125675688792e-16, 1.2708392210478357e-16, 1.281513558917013e-16, 1.202485125310401e-16, 1.1903110673570822e-16, 1.084211174208851e-16, 1.2011242947578245e-16, 9.45960863333311e-17, 9.262862942406176e-17, 1.0295692624576366e-16, 1.0088687032427032e-16, 1.0087215136422752e-16, 9.626327313794846e-17, 8.989536384367075e-17, 9.33958654822253e-17, 8.054879964997319e-17, 8.380731644149022e-17, 7.993796537442241e-17, 9.212203106205067e-17, 8.500209760443412e-17, 7.613291664565863e-17, 9.012935681725827e-17, 9.424739101310376e-17, 8.302306756354332e-17, 8.619280714290839e-17, 7.920740275269035e-17, 8.771975194107885e-17, 7.1234631833767e-17, 6.929116168620455e-17, 7.69384765417846e-17, 7.290018813729062e-17, 7.142582876150271e-17],