{"n": 133, "coupling": [0.0, 0.0037974683544303796, 0.007594936708860759, 0.01139240506329114, 0.015189873417721518, 0.0189873417721519, 0.02278481012658228, 0.026582278481012658, 0.030379746835443037, 0.03417721518987342, 0.0379746835443038, 0.04177215189873418, 0.04556962025316456, 0.049367088607594936, 0.053164556962025315, 0.056962025316455694, 0.060759493670886074, 0.06455696202531645, 0.06835443037974684, 0.07215189873417721, 0.0759493670886076, 0.07974683544303797, 0.08354430379746836, 0.08734177215189873, 0.09113924050632911, 0.09493670886075949, 0.09873417721518987, 0.10253164556962024, 0.10632911392405063, 0.110126582278481, 0.11392405063291139, 0.11772151898734176, 0.12151898734177215, 0.12531645569620253, 0.1291139240506329, 0.13291139240506328, 0.13670886075949368, 0.14050632911392405, 0.14430379746835442, 0.1481012658227848, 0.1518987341772152, 0.15569620253164557, 0.15949367088607594, 0.1632911392405063, 0.1670886075949367, 0.17088607594936708, 0.17468354430379746, 0.17848101265822783, 0.18227848101265823, 0.1860759493670886, 0.18987341772151897, 0.19367088607594937, 0.19746835443037974, 0.20126582278481012, 0.2050632911392405, 0.2088607594936709, 0.21265822784810126, 0.21645569620253163, 0.220253164556962, 0.2240506329113924, 0.22784810126582278, 0.23164556962025315, 0.23544303797468352, 0.23924050632911392, 0.2430379746835443, 0.24683544303797467, 0.25063291139240507, 0.2544303797468354, 0.2582278481012658, 0.2620253164556962, 0.26582278481012656, 0.26962025316455696, 0.27341772151898736, 0.2772151898734177, 0.2810126582278481, 0.28481012658227844, 0.28860759493670884, 0.29240506329113924, 0.2962025316455696, 0.3], "cluster1": [0.45396349071046205, 0.264445645689769, 0.24433611950956888, 0.24326858540454213, 0.23541163608986315, 0.221915721187329, 0.2223282748334692, 0.2224600268021651, 0.23382714043125885, 0.22940463137032352, 0.21919418954912545, 0.17061178461411272, 0.16195952654416854, 0.15467950171754577, 0.1671031958343061, 0.14763235990621018, 0.1479968632309186, 0.14520968700348524, 0.1635240381261557, 0.16356391391103436, 0.15981357249294156, 0.15019098031913364, 0.15015068966331624, 0.14680156477363937, 0.14996447548804703, 0.1406308490146716, 0.14656231970091926, 0.14278353943868424, 0.14620929148355374, 0.15015509024923124, 0.14997891657583187, 0.14440252248739865, 0.13016411204666692, 0.12611074725858762, 0.11126087521119289, 0.09223139660395424, 0.077007210295102, 0.06197793559136843, 0.045089586120146206, 0.04610786590803475, 0.03310821803206603, 0.027349815786045988, 0.020839903091112943, 0.01621942728987517, 0.009653638666446389, 0.0006474630546780189, 0.00012783365055707332, 1.6214195840806957e-06, 3.3851755453914744e-07, 3.985002068168977e-08, 1.3560306948890594e-10, 2.3929614035499393e-13, 7.695702226601053e-15, 3.884295934884004e-14, 4.614633248436138e-16, 2.211667002317195e-16, 2.440595848987872e-16, 1.2828401474196787e-16, 2.6222589754320173e-17, 6.301991896356897e-17, 6.75961749202634e-17, 2.5264110862698584e-17, 2.3298032536223692e-17, 2.775616597507989e-17, 2.2755446748961085e-17, 2.330180533875148e-17, 2.2747414369131014e-17, 2.2983891938788277e-17, 2.3094514188522767e-17, 2.269114961274381e-17, 2.2933150138926772e-17, 2.3296403032830606e-17, 2.2702745134252345e-17, 2.2592594559340162e-17, 2.295458253422282e-17, 2.32099069303892e-17, 2.2551038696182503e-17, 2.2669027537065705e-17, 2.2909336322223675e-17, 2.2387773368889435e-17], "cluster2": [0.5372325310833543, 0.28494740095571136, 0.27349933712707813, 0.25782589277294454, 0.26713817034246823, 0.2602187276984697, 0.2406868907503154, 0.16864822758539758, 0.18909219281934764, 0.1739725957660517, 0.17110581847008208, 0.1620872539515864, 0.1448238710872852, 0.1503383764303138, 0.14289118193624406, 0.12929830308894572, 0.09790266195293626, 0.0744429170374703, 0.05816449130338968, 0.02691553980261068, 0.02754054960746294, 0.010601361574649859, 0.0013416308967645584, 0.003625013871847502, 3.5522463031291246e-17, 3.1020060277702345e-17, 2.967156695182509e-17, 1.3499508099680377e-17, 1.3232409374318539e-17, 1.3085488230307464e-17, 1.2918474017022735e-17, 1.2690184992490543e-17, 1.2486646379064297e-17, 1.7528356380719856e-17, 1.2622677079926455e-17, 1.2166961317605473e-17, 1.25653298457167e-17, 1.2506579309371306e-17, 1.2685824682612468e-17, 1.2836695060171655e-17, 1.3017050478582265e-17, 1.298715575218592e-17, 1.274653463643793e-17, 1.3008240053847316e-17, 1.2785786167418153e-17, 1.2886350855577062e-17, 1.2827979208821465e-17, 1.3211598262581613e-17, 1.2892157979295107e-17, 1.2605600226102501e-17, 1.2867498167902292e-17, 1.2700738269601803e-17, 1.2917883529418724e-17, 1.296657769629001e-17, 1.3283567813650312e-17, 1.2938756431749477e-17, 1.3172704759415121e-17, 1.2899454832506725e-17, 1.2877905412581209e-17, 1.3309361412900566e-17, 1.2760156184097217e-17, 1.2689652619834104e-17, 1.2769370731236792e-17, 1.2533394241571901e-17, 1.3078080511657402e-17, 1.2935515505169177e-17, 1.2846817591278364e-17, 1.3114271123382123e-17, 1.2781242075227268e-17, 1.2454193204189872e-17, 1.299349534790221e-17, 1.2897174342359066e-17, 1.2858960933091818e-17, 1.28089938005143e-17, 1.3040566269913206e-17, 1.2801377066736587e-17, 1.2894219520136034e-17, 1.3156547015838881e-17, 1.2659215487260455e-17, 1.3079890121717077e-17], "cluster3": [0.38294906914028404, 0.19048897626360742, 0.17114996603406238, 0.15146139008658613, 0.1644299571585993, 0.12843211611261296, 0.11875227631498277, 0.1117893966329434, 0.11152022338815856, 0.09543240713913932, 0.08544533878699731, 0.06858351394289448, 0.051757640978718315, 0.039918600863213576, 0.008972431351363856, 0.008772213618201078, 1.8540184888074006e-05, 1.7957791716128237e-13, 0.0, 0.0, 0.0, 0.0, 0.0, 0.0, 0.0, 0.0, 0.0, 0.0, 0.0, 0.0, 0.0, 0.0, 0.0, 0.0, 0.0, 0.0, 0.0, 0.0, 0.0, 0.0, 0.0, 0.0, 0.0, 0.0, 0.0, 0.0, 0.0, 0.0, 0.0, 0.0, 0.0, 0.0, 0.0, 0.0, 0.0, 0.0, 0.0, 0.0, 0.0, 0.0, 0.0, 0.0, 0.0, 0.0, 0.0, 0.0, 0.0, 0.0, 0.0, 0.0, 0.0, 0.0, 0.0, 0.0, 0.0, 0.0, 0.0, 0.0, 0.0, 0.0], "cluster4": [0.38992446013568244, 0.18108728890791723, 0.18440317562942593, 0.14019591582678037, 0.12625485245525184, 0.11295626729875231, 0.10020412143238591, 0.1043718505770702, 0.04231655771865451, 0.001258435028642448, 0.031780314822151615, 0.02459131135830387, 0.005997669633867049, 1.7752422359914634e-08, 3.8064556350622464e-13, 1.85152712492626e-17, 0.0, 0.0, 0.0, 0.0, 0.0, 0.0, 0.0, 0.0, 0.0, 0.0, 0.0, 0.0, 0.0, 0.0, 0.0, 0.0, 0.0, 0.0, 0.0, 0.0, 0.0, 0.0, 0.0, 0.0, 0.0, 0.0, 0.0, 0.0, 0.0, 0.0, 0.0, 0.0, 0.0, 0.0, 0.0, 0.0, 0.0, 0.0, 0.0, 0.0, 0.0, 0.0, 0.0, 0.0, 0.0, 0.0, 0.0, 0.0, 0.0, 0.0, 0.0, 0.0, 0.0, 0.0, 0.0, 0.0, 0.0, 0.0, 0.0, 0.0, 0.0, 0.0, 0.0, 0.0],