{"coupling": [0.0, 0.004, 0.008, 0.012, 0.016, 0.02, 0.024, 0.028, 0.032, 0.036000000000000004, 0.04, 0.044, 0.048, 0.052000000000000005, 0.056, 0.06, 0.064, 0.068, 0.07200000000000001, 0.076, 0.08, 0.084, 0.088, 0.092, 0.096, 0.1, 0.10400000000000001, 0.108, 0.112, 0.116, 0.12, 0.124, 0.128, 0.132, 0.136, 0.14, 0.14400000000000002, 0.148, 0.152, 0.156, 0.16, 0.164, 0.168, 0.17200000000000001, 0.176, 0.18, 0.184, 0.188, 0.192, 0.196, 0.2, 0.20400000000000001, 0.20800000000000002, 0.212, 0.216, 0.22, 0.224, 0.228, 0.232, 0.23600000000000002, 0.24, 0.244, 0.248, 0.252, 0.256, 0.26, 0.264, 0.268, 0.272, 0.276, 0.28, 0.28400000000000003, 0.28800000000000003, 0.29200000000000004, 0.29600000000000004, 0.30000000000000004, 0.304, 0.308, 0.312, 0.316, 0.32, 0.324, 0.328, 0.332, 0.336, 0.34, 0.344, 0.348, 0.352, 0.356, 0.36, 0.364, 0.368, 0.372, 0.376, 0.38, 0.384, 0.388, 0.392, 0.396, 0.4, 0.404, 0.40800000000000003, 0.41200000000000003, 0.41600000000000004, 0.42, 0.424, 0.428, 0.432, 0.436, 0.44, 0.444, 0.448], "cluster1": [7.884927952803069, 3.163890494188795, 2.95215590098119, 2.825295140492394, 2.871650961343921, 2.7834436474128927, 2.493032002172739, 2.358670131749687, 2.2721956842557987, 2.1844202125366605, 2.09996195865061, 2.0107645600356205, 1.779309996665935, 1.6048281102972397, 1.5240668027022162, 1.4256329764017246, 1.259668596166147, 1.016820426472179, 0.7326553277982728, 0.3691988581828661, 0.13470415935412627, 0.01443689106251152, 0.010816806877986536, 1.3786219534079847e-05, 3.3028699039921335e-08, 6.517551267320762e-14, 5.983422762203772e-15, 1.4286496360156686e-15, 1.4660174677862535e-15, 1.442078183120487e-15, 1.4299636201003575e-15, 1.4302131732809757e-15, 1.4353574323511812e-15, 1.4436077848349472e-15, 1.4448693716326023e-15, 1.4380682703823615e-15, 1.4396476406202597e-15, 1.4405621508969184e-15, 1.4500480025460242e-15, 1.4440749338465961e-15, 1.4501688243622851e-15, 1.4350169471202642e-15, 1.4407381591566467e-15, 1.4417197340753163e-15, 1.4360866094271987e-15, 1.4307326501976572e-15, 1.4335726081323989e-15, 1.435503023541742e-15, 1.420528625457867e-15, 1.407008640628379e-15, 1.4172101398633385e-15, 1.423121625098822e-15, 1.405127097900427e-15, 1.4120362408023743e-15, 1.4137820723366852e-15, 1.4088162637726375e-15, 1.4067116856647881e-15, 1.410029477439308e-15, 1.406734220938661e-15, 1.4026541429973232e-15, 1.4013642483433252e-15, 1.4001649943352235e-15, 1.3931666123037972e-15, 1.3916874851807109e-15, 1.3910682646996231e-15, 1.3913632769671903e-15, 1.390334563917151e-15, 1.3883233739824308e-15, 1.3841623966281152e-15, 1.3892284205541752e-15, 1.3811143065672569e-15, 1.3906612143771008e-15, 1.3801914426976974e-15, 1.3785547212979056e-15, 1.375607346149465e-15, 1.3806748409739426e-15, 1.374546689626239e-15, 1.3771611976874547e-15, 1.3728871276717715e-15, 1.378857587607968e-15, 1.3717961650905792e-15, 1.3623083707454496e-15, 1.3674986162058116e-15, 1.3637795189384395e-15, 1.3589973506542119e-15, 1.3718038803690723e-15, 1.3657303742852296e-15, 1.3706147006274922e-15, 1.355083400975683e-15, 1.3590421159211532e-15, 1.3609042178124705e-15, 1.3592361079954986e-15, 1.3538285303557086e-15, 1.3619698698397563e-15, 1.35193653869843e-15, 1.3634906122869457e-15, 1.3602026547727868e-15, 1.3616563742071654e-15, 1.358249551449169e-15, 1.3668568326980509e-15, 1.3658529861571122e-15, 1.3560205020318148e-15, 1.3658816547998588e-15, 1.3594055943471481e-15, 1.3587152989444013e-15, 1.3643536966245824e-15, 1.36065694036148e-15, 1.36315438711088e-15, 1.3563442384477293e-15, 1.3655892790483234e-15, 1.3599224347477982e-15, 1.3580007475941608e-15, 1.3587712485898778e-15], "cluster2": [8.373490797161699, 3.1459404690935298, 2.9589569482521756, 2.6173366829241225, 2.2753197568670505, 2.058290728105038, 2.0539869959362296, 2.0935185702256853, 1.7294533866297024, 0.6692463763275502, 0.13178791646902946, 3.055842966473708e-10, 2.3538605457301002e-14, 2.6401032270271357e-15, 2.655665339225518e-15, 2.666730901084326e-15, 2.6725080488897856e-15, 2.671531358463975e-15, 2.687830175685465e-15, 2.7010178970511352e-15, 2.6976404332867934e-15, 2.7129151270775997e-15, 2.719418135499436e-15, 2.700270507199897e-15, 2.723010617553478e-15, 2.734779102339186e-15, 2.725013793867101e-15, 2.719918338096285e-15, 2.736685074469633e-15, 2.728988574214865e-15, 2.742540249273236e-15, 2.74174922161257e-15, 2.7407944177389248e-15, 2.74306072529073e-15, 2.7396167137802837e-15, 2.74549288010824e-15, 2.7445607155814682e-15, 2.7610652816573465e-15, 2.776140738094543e-15, 2.7528962310021635e-15, 2.771211153873133e-15, 2.7705969774635064e-15, 2.7646060151460616e-15, 2.7763396909819493e-15, 2.7711219216818546e-15, 2.7736507360338337e-15, 2.7804707508175035e-15, 2.7854728808589904e-15, 2.7822278083595498e-15, 2.781060525577435e-15, 2.7796262747324918e-15, 2.7844438694663475e-15, 2.77135475380027e-15, 2.79210353134777e-15, 2.772368195871925e-15, 2.771427466137149e-15, 2.7702940695242435e-15, 2.794368368001157e-15, 2.778934057448321e-15, 2.786006990439649e-15, 2.7739684778448757e-15, 2.777546410493341e-15, 2.7706343604855587e-15, 2.766007004259803e-15, 2.7658995107259034e-15, 2.7735673458070247e-15, 2.773642659968936e-15, 2.765655473414352e-15, 2.759221042162145e-15, 2.750558491211395e-15, 2.7425205170321973e-15, 2.761221325246333e-15, 2.7357449136672645e-15, 2.737910291222449e-15, 2.7435769620679725e-15, 2.747770590591883e-15, 2.7237260708697295e-15, 2.7179895045965607e-15, 2.7279407568308947e-15, 2.7266190990969123e-15, 2.709495503340449e-15, 2.6885787658453167e-15, 2.705992232663086e-15, 2.6823675503662092e-15, 2.6781704735568573e-15, 2.6901934515216423e-15, 2.6791122925890453e-15, 2.686414269441543e-15, 2.6653132811049836e-15, 2.6724686190987087e-15, 2.663526354611576e-15, 2.6673142718855807e-15, 2.6645344195781656e-15, 2.671372140648449e-15, 2.663385113672468e-15, 2.6689503410945643e-15, 2.6698012280764533e-15, 2.6649029004464214e-15, 2.6593192104739016e-15, 2.6682729368675727e-15, 2.6696670918542317e-15, 2.6625383965488294e-15, 2.669193525007505e-15, 2.6602096382580685e-15, 2.6601586841166526e-15, 2.6746273776110128e-15, 2.6610256399699367e-15, 2.6695565593886945e-15, 2.6651745726089064e-15, 2.6809591443165777e-15, 2.6658638619726417e-15, 2.6620872678411736e-15, 2.6606458151445433e-15],