{"coupling": [0.0, 0.0029914529914529912, 0.0059829059829059825, 0.008974358974358974, 0.011965811965811965, 0.014957264957264956, 0.017948717948717947, 0.02094017094017094, 0.02393162393162393, 0.02692307692307692, 0.029914529914529912, 0.0329059829059829, 0.035897435897435895, 0.03888888888888889, 0.04188034188034188, 0.044871794871794865, 0.04786324786324786, 0.050854700854700854, 0.05384615384615384, 0.05683760683760683, 0.059829059829059825, 0.06282051282051282, 0.0658119658119658, 0.0688034188034188, 0.07179487179487179, 0.07478632478632478, 0.07777777777777778, 0.08076923076923076, 0.08376068376068375, 0.08675213675213675, 0.08974358974358973, 0.09273504273504272, 0.09572649572649572, 0.09871794871794871, 0.10170940170940171, 0.10470085470085469, 0.10769230769230768, 0.11068376068376068, 0.11367521367521366, 0.11666666666666665, 0.11965811965811965, 0.12264957264957264, 0.12564102564102564, 0.12863247863247862, 0.1316239316239316, 0.1346153846153846, 0.1376068376068376, 0.1405982905982906, 0.14358974358974358, 0.14658119658119656, 0.14957264957264957, 0.15256410256410255, 0.15555555555555556, 0.15854700854700854, 0.16153846153846152, 0.16452991452991453, 0.1675213675213675, 0.1705128205128205, 0.1735042735042735, 0.17649572649572648, 0.17948717948717946, 0.18247863247863247, 0.18547008547008545, 0.18846153846153846, 0.19145299145299144, 0.19444444444444442, 0.19743589743589743, 0.2004273504273504, 0.20341880341880342, 0.2064102564102564, 0.20940170940170938, 0.2123931623931624, 0.21538461538461537, 0.21837606837606835, 0.22136752136752136, 0.22435897435897434, 0.22735042735042732, 0.23034188034188033, 0.2333333333333333, 0.23632478632478632, 0.2393162393162393, 0.24230769230769228, 0.2452991452991453, 0.24829059829059827, 0.2512820512820513, 0.25427350427350426, 0.25726495726495724, 0.2602564102564102, 0.2632478632478632, 0.26623931623931624, 0.2692307692307692, 0.2722222222222222, 0.2752136752136752, 0.27820512820512816, 0.2811965811965812, 0.2841880341880342, 0.28717948717948716, 0.29017094017094014, 0.2931623931623931, 0.29615384615384616, 0.29914529914529914, 0.3021367521367521, 0.3051282051282051, 0.3081196581196581, 0.3111111111111111, 0.3141025641025641, 0.3170940170940171, 0.32008547008547006, 0.32307692307692304, 0.326068376068376, 0.32905982905982906, 0.33205128205128204, 0.335042735042735, 0.338034188034188, 0.341025641025641, 0.344017094017094, 0.347008547008547, 0.35], "cluster1": [5.838265687994217, 3.5436016395484247, 3.279662553402822, 2.9747538809324174, 2.94187144468098, 2.759325333398911, 2.784376702172852, 2.551771093381759, 2.4583366824554793, 2.294345747319709, 2.1059765180260914, 2.147415263339812, 2.048208921067461, 1.9326381436984739, 1.8491921894979946, 1.810607585249753, 1.771418962109315, 1.7489600357566517, 1.7237716011390334, 1.7094233604111861, 1.55956709942242, 1.5385688761227336, 1.2825266150674108, 1.0629976365334812, 0.7240467494576796, 0.47796881729607027, 0.2534749442613354, 0.10548996904601923, 0.05861782696424721, 0.008471250683228019, 0.00028331266572522763, 8.817325766563581e-05, 7.556160256725162e-08, 4.0336605580057794e-10, 1.6935580440430477e-12, 2.4764289592284615e-12, 1.325170681494262e-14, 1.1621895099794044e-14, 9.328976131751626e-15, 9.025681227650932e-15, 8.964570130029277e-15, 8.96524718317237e-15, 8.956940822377381e-15, 9.630504517328653e-15, 8.826923781836227e-15, 8.805982462038372e-15, 8.734428217967513e-15, 8.859313638869843e-15, 9.04496318801487e-15, 8.901666459126671e-15, 9.333737938937007e-15, 9.07877714383377e-15, 8.648938894801908e-15, 9.186708319363998e-15, 9.088183989944445e-15, 9.108630331808956e-15, 9.34149210625148e-15, 9.232425251037162e-15, 9.212869933222434e-15, 9.0153033157711e-15, 8.761552674954924e-15, 9.196987854746455e-15, 9.140918626834249e-15, 9.163898897667568e-15, 8.678473077629308e-15, 8.901582679268386e-15, 9.049994914621225e-15, 9.126663660680032e-15, 9.053614020512437e-15, 9.090816674474784e-15, 9.125952100248312e-15, 9.19852071658235e-15, 9.00102732510612e-15, 8.944996164372335e-15, 9.02963560947496e-15, 8.621126315481496e-15, 8.851616044041501e-15, 9.178371003481832e-15, 9.226723213797802e-15, 9.070111433262506e-15, 8.829357208907534e-15, 8.921357252342029e-15, 8.603650060102658e-15, 9.065694842631484e-15, 8.826863179564554e-15, 8.733490156567146e-15, 8.91451131884866e-15, 9.245249440110427e-15, 9.005247571016731e-15, 8.666481698603724e-15, 8.727598672457093e-15, 8.893970377839716e-15, 8.830581291711432e-15, 8.946392181211844e-15, 8.766206465774427e-15, 8.481418426654184e-15, 8.66706906600444e-15, 8.991455313907641e-15, 8.673135442093638e-15, 8.755836199052124e-15, 8.650840846620701e-15, 9.024745517134747e-15, 8.946514145384077e-15, 8.974944663777503e-15, 8.998587904365528e-15, 8.963224854087253e-15, 8.967452284672008e-15, 8.999068415871583e-15, 8.9410270473495e-15, 8.969925446385541e-15, 8.953647060329747e-15, 8.985661608491493e-15, 8.957735687911012e-15, 9.019434196204576e-15, 8.972894500148449e-15, 8.993203139245057e-15, 8.974782657852657e-15, 8.991133269032296e-15], "cluster2": [5.82022477660996, 3.551274798123973, 2.8959643045472863, 3.0159692014736463, 2.65870419488498, 2.2085020159527606, 2.2566841169895104, 2.324530167287926, 2.232634867314293, 1.820585834740805, 1.572759816175809, 1.5941810513190633, 1.59021481738657, 1.5757859656665847, 1.3640966664817815, 1.1692599700413182, 0.6638148636141183, 0.30927559594470067, 0.10305122274188289, 0.03144326645732482, 0.006446484678634635, 1.8271040750330292e-07, 2.9207629077868626e-09, 3.3073787297596874e-10, 2.544577540016614e-14, 7.1163285170171e-15, 5.378772297150906e-15, 5.112560462994164e-15, 5.1994835622244544e-15, 4.9559559528296994e-15, 5.122924606188852e-15, 5.061178976753984e-15, 5.121670605466164e-15, 5.0693345291852935e-15, 4.9485285839225385e-15, 4.906173092170883e-15, 4.764206808406867e-15, 5.171821664613547e-15, 5.114134457353516e-15, 4.963409211754072e-15, 4.83295112549174e-15, 5.0801752649821415e-15, 4.9308140959549384e-15, 5.189414640421535e-15, 4.862111886572352e-15, 5.106376300777119e-15, 5.251917370068364e-15, 4.972880443084804e-15, 5.2595513773023456e-15, 5.051242618668616e-15, 4.9344336910758115e-15, 4.898491662014005e-15, 4.963087520376858e-15, 4.896901491683647e-15, 5.075094797531237e-15, 4.897904518826378e-15, 4.9012167635524104e-15, 4.8178366203282395e-15, 4.931793893550102e-15, 5.047653976700399e-15, 4.7275726135000535e-15, 4.939553369439176e-15, 4.958390236404166e-15, 4.735242589624154e-15, 4.86921089170214e-15, 4.709043284473953e-15, 4.940903119042365e-15, 4.980153343187371e-15, 4.8417811273792236e-15, 4.8031644125757e-15, 4.976022429500158e-15, 4.87605196770035e-15, 4.736979821484058e-15, 4.8831132489780125e-15, 5.0246341058789565e-15, 4.917167204351752e-15, 4.7734212093635036e-15, 4.713879697626757e-15, 4.995214047719642e-15, 4.84032505131336e-15, 4.847691922665828e-15, 4.751368080258547e-15, 4.795899572191774e-15, 5.0845739070257165e-15, 4.907070034992835e-15, 4.829384337911218e-15, 5.063975950127606e-15, 5.031252048226414e-15, 5.210564678586655e-15, 4.8077713897940404e-15, 4.763820654684825e-15, 5.255225878184362e-15, 4.840041758076164e-15, 4.937918685546516e-15, 4.9160864791307664e-15, 4.9138506731990304e-15, 4.846365022189834e-15, 4.842622882663614e-15, 4.8649691922259485e-15, 5.02876737483399e-15, 5.116030749852603e-15, 5.049175649745525e-15, 4.99413005221741e-15, 5.05103885344202e-15, 5.015775510335228e-15, 4.992688532823797e-15, 5.0223540899304305e-15, 5.012517370007669e-15, 4.975576450776442e-15, 4.994827765840013e-15, 4.978500989825103e-15, 5.0215752917942246e-15, 5.010074048370583e-15, 5.010454396167918e-15, 5.030741496370051e-15, 5.017794011566727e-15, 5.020325708635696e-15, 4.991187468277877e-15],